,Quantity,Quantity,Quantity,Quantity,Sales,Sales,Sales,Sales
Category,Accessories,Clothing,Electronics,Home Appliances,Accessories,Clothing,Electronics,Home Appliances
Region,,,,,,,,
East,5.928571428571429,4.75,4.458333333333333,4.555555555555555,364178,357746,625468,239464
North,3.642857142857143,6.15,5.09375,4.666666666666667,381154,492456,842967,361380
South,5.130434782608695,3.5454545454545454,4.666666666666667,4.476190476190476,556186,218130,510788,564193
West,5.647058823529412,4.588235294117647,5.571428571428571,5.0,315038,491632,635046,706959
